[ {
  "uid" : "5d1fe98b985da4fd",
  "name" : "test_collect_update_tool[编辑收藏网址]",
  "time" : {
    "start" : 1654160640943,
    "stop" : 1654160641272,
    "duration" : 329
  },
  "status" : "passed",
  "severity" : "normal"
}, {
  "uid" : "f8259f9780751921",
  "name" : "test_login[手机号码首位包含空格]",
  "time" : {
    "start" : 1654160639219,
    "stop" : 1654160639415,
    "duration" : 196
  },
  "status" : "passed",
  "severity" : "normal"
}, {
  "uid" : "947554d2d45ee55a",
  "name" : "test_collect_delete_tool[正常删除收藏网站]",
  "time" : {
    "start" : 1654160639804,
    "stop" : 1654160640146,
    "duration" : 342
  },
  "status" : "passed",
  "severity" : "normal"
}, {
  "uid" : "86f5355bf6e28b26",
  "name" : "test_login[输入手机号码小于11位]",
  "time" : {
    "start" : 1654160638639,
    "stop" : 1654160638824,
    "duration" : 185
  },
  "status" : "passed",
  "severity" : "normal"
}, {
  "uid" : "5e8cd8ee6976d8f6",
  "name" : "test_login[输入手机号码大于于11位]",
  "time" : {
    "start" : 1654160638829,
    "stop" : 1654160639034,
    "duration" : 205
  },
  "status" : "passed",
  "severity" : "normal"
}, {
  "uid" : "4b83778b87f0de3",
  "name" : "test_login[输入非1开头的手机号码]",
  "time" : {
    "start" : 1654160638384,
    "stop" : 1654160638635,
    "duration" : 251
  },
  "status" : "passed",
  "severity" : "normal"
}, {
  "uid" : "706e08ded041fea2",
  "name" : "test_login[输入错误的密码]",
  "time" : {
    "start" : 1654160637989,
    "stop" : 1654160638171,
    "duration" : 182
  },
  "status" : "passed",
  "severity" : "normal"
}, {
  "uid" : "595fa63a5e9b70a",
  "name" : "test_login[登录密码为空]",
  "time" : {
    "start" : 1654160638174,
    "stop" : 1654160638379,
    "duration" : 205
  },
  "status" : "passed",
  "severity" : "normal"
}, {
  "uid" : "2df7be5b7b1d4600",
  "name" : "test_collect_add_tool[未登录状态下新增收藏网址]",
  "time" : {
    "start" : 1654160639677,
    "stop" : 1654160639800,
    "duration" : 123
  },
  "status" : "passed",
  "severity" : "normal"
}, {
  "uid" : "aa4fad93037c4295",
  "name" : "test_collect_delete_tool[正常删除不存在的ID数据(接口未完成此功能, 跳过该条用例)]",
  "time" : {
    "start" : 1654160640149,
    "stop" : 1654160640149,
    "duration" : 0
  },
  "status" : "skipped",
  "severity" : "normal"
}, {
  "uid" : "e61e166c3257566",
  "name" : "test_get_user_info[正常获取个人身份信息]",
  "time" : {
    "start" : 1654160639420,
    "stop" : 1654160639537,
    "duration" : 117
  },
  "status" : "passed",
  "severity" : "normal"
}, {
  "uid" : "7266f5ddeb8ad1a6",
  "name" : "test_collect_tool_list[查看收藏网址列表接口]",
  "time" : {
    "start" : 1654160640155,
    "stop" : 1654160640938,
    "duration" : 783
  },
  "status" : "passed",
  "severity" : "normal"
}, {
  "uid" : "13a674b9b5eb8a4b",
  "name" : "test_collect_add_tool[新增收藏网址接口]",
  "time" : {
    "start" : 1654160639541,
    "stop" : 1654160639674,
    "duration" : 133
  },
  "status" : "passed",
  "severity" : "normal"
}, {
  "uid" : "cd0a9dd9bb6b6f74",
  "name" : "test_login[手机号码为空]",
  "time" : {
    "start" : 1654160639038,
    "stop" : 1654160639215,
    "duration" : 177
  },
  "status" : "passed",
  "severity" : "normal"
}, {
  "uid" : "a82e84e593e1a7db",
  "name" : "test_login[正常登录]",
  "time" : {
    "start" : 1654160636908,
    "stop" : 1654160637979,
    "duration" : 1071
  },
  "status" : "passed",
  "severity" : "normal"
} ]