[ {
  "uid" : "a0f2b007a020b41d",
  "name" : "test_login[输入手机号码小于11位]",
  "time" : {
    "start" : 1654170233158,
    "stop" : 1654170233367,
    "duration" : 209
  },
  "status" : "passed",
  "severity" : "normal"
}, {
  "uid" : "d8a7ee2fa8f21c0a",
  "name" : "test_login[手机号码为空]",
  "time" : {
    "start" : 1654170233547,
    "stop" : 1654170233767,
    "duration" : 220
  },
  "status" : "passed",
  "severity" : "normal"
}, {
  "uid" : "ccb7eecc3d8bc456",
  "name" : "test_login[输入手机号码大于于11位]",
  "time" : {
    "start" : 1654170233371,
    "stop" : 1654170233543,
    "duration" : 172
  },
  "status" : "passed",
  "severity" : "normal"
}, {
  "uid" : "bfca398f552c374c",
  "name" : "test_get_user_info[正常获取个人身份信息]",
  "time" : {
    "start" : 1654170234039,
    "stop" : 1654170234155,
    "duration" : 116
  },
  "status" : "passed",
  "severity" : "normal"
}, {
  "uid" : "3daa1858788627ac",
  "name" : "test_collect_add_tool[未登录状态下新增收藏网址]",
  "time" : {
    "start" : 1654170234281,
    "stop" : 1654170234415,
    "duration" : 134
  },
  "status" : "passed",
  "severity" : "normal"
}, {
  "uid" : "424596e8073e255e",
  "name" : "test_collect_add_tool[新增收藏网址接口]",
  "time" : {
    "start" : 1654170234159,
    "stop" : 1654170234278,
    "duration" : 119
  },
  "status" : "passed",
  "severity" : "normal"
}, {
  "uid" : "e6443dff89e516b8",
  "name" : "test_login[正常登录]",
  "time" : {
    "start" : 1654170231939,
    "stop" : 1654170232523,
    "duration" : 584
  },
  "status" : "passed",
  "severity" : "normal"
}, {
  "uid" : "5ad2f88e2566a4d1",
  "name" : "test_login[登录密码为空]",
  "time" : {
    "start" : 1654170232731,
    "stop" : 1654170232919,
    "duration" : 188
  },
  "status" : "passed",
  "severity" : "normal"
}, {
  "uid" : "64f3e2b069dbd90b",
  "name" : "test_collect_delete_tool[正常删除收藏网站]",
  "time" : {
    "start" : 1654170234419,
    "stop" : 1654170234731,
    "duration" : 312
  },
  "status" : "passed",
  "severity" : "normal"
}, {
  "uid" : "d4d93e59cdf3634f",
  "name" : "test_login[输入非1开头的手机号码]",
  "time" : {
    "start" : 1654170232924,
    "stop" : 1654170233153,
    "duration" : 229
  },
  "status" : "passed",
  "severity" : "normal"
}, {
  "uid" : "9d02191e5dc5d37c",
  "name" : "test_login[输入错误的密码]",
  "time" : {
    "start" : 1654170232527,
    "stop" : 1654170232726,
    "duration" : 199
  },
  "status" : "passed",
  "severity" : "normal"
}, {
  "uid" : "f287bf0a915cfc07",
  "name" : "test_login[手机号码首位包含空格]",
  "time" : {
    "start" : 1654170233771,
    "stop" : 1654170234034,
    "duration" : 263
  },
  "status" : "passed",
  "severity" : "normal"
}, {
  "uid" : "19cb131298240614",
  "name" : "test_collect_update_tool[编辑收藏网址]",
  "time" : {
    "start" : 1654170235661,
    "stop" : 1654170235972,
    "duration" : 311
  },
  "status" : "passed",
  "severity" : "normal"
}, {
  "uid" : "e38ab88c969cfaa6",
  "name" : "test_collect_delete_tool[正常删除不存在的ID数据(接口未完成此功能, 跳过该条用例)]",
  "time" : {
    "start" : 1654170234734,
    "stop" : 1654170234734,
    "duration" : 0
  },
  "status" : "skipped",
  "severity" : "normal"
}, {
  "uid" : "38722e4cb8b0e8fc",
  "name" : "test_collect_tool_list[查看收藏网址列表接口]",
  "time" : {
    "start" : 1654170234741,
    "stop" : 1654170235656,
    "duration" : 915
  },
  "status" : "passed",
  "severity" : "normal"
} ]