{
  "total" : 3,
  "items" : [ {
    "uid" : "3aa66c7fc191575b51800465931c68d9",
    "name" : "test_case.Login",
    "statistic" : {
      "failed" : 0,
      "broken" : 0,
      "skipped" : 0,
      "passed" : 8,
      "unknown" : 0,
      "total" : 8
    }
  }, {
    "uid" : "6fcf6a1d8e983a864c206ff3be83567c",
    "name" : "test_case.collect",
    "statistic" : {
      "failed" : 0,
      "broken" : 0,
      "skipped" : 1,
      "passed" : 5,
      "unknown" : 0,
      "total" : 6
    }
  }, {
    "uid" : "a0560216942e53bbce8c488aa55e291c",
    "name" : "test_case.UserInfo",
    "statistic" : {
      "failed" : 0,
      "broken" : 0,
      "skipped" : 0,
      "passed" : 1,
      "unknown" : 0,
      "total" : 1
    }
  } ]
}