{
  "f7ac3e784786a3c7712b5a828aed2b59" : {
    "statistic" : {
      "failed" : 0,
      "broken" : 0,
      "skipped" : 0,
      "passed" : 1,
      "unknown" : 0,
      "total" : 1
    },
    "items" : [ {
      "uid" : "cd0a9dd9bb6b6f74",
      "status" : "passed",
      "time" : {
        "start" : 1654160639038,
        "stop" : 1654160639215,
        "duration" : 177
      }
    } ]
  },
  "e688ecc3452bf2e82ab235d8c939b242" : {
    "statistic" : {
      "failed" : 0,
      "broken" : 0,
      "skipped" : 0,
      "passed" : 1,
      "unknown" : 0,
      "total" : 1
    },
    "items" : [ {
      "uid" : "947554d2d45ee55a",
      "status" : "passed",
      "time" : {
        "start" : 1654160639804,
        "stop" : 1654160640146,
        "duration" : 342
      }
    } ]
  },
  "6833f022406a30478c7b5e3e02fa3010" : {
    "statistic" : {
      "failed" : 0,
      "broken" : 0,
      "skipped" : 0,
      "passed" : 1,
      "unknown" : 0,
      "total" : 1
    },
    "items" : [ {
      "uid" : "706e08ded041fea2",
      "status" : "passed",
      "time" : {
        "start" : 1654160637989,
        "stop" : 1654160638171,
        "duration" : 182
      }
    } ]
  },
  "2a47f0a11eeceb5978e0ae3dc74b34ff" : {
    "statistic" : {
      "failed" : 0,
      "broken" : 0,
      "skipped" : 0,
      "passed" : 1,
      "unknown" : 0,
      "total" : 1
    },
    "items" : [ {
      "uid" : "13a674b9b5eb8a4b",
      "status" : "passed",
      "time" : {
        "start" : 1654160639541,
        "stop" : 1654160639674,
        "duration" : 133
      }
    } ]
  },
  "650a1294f0f20cf69dec44709f6627d7" : {
    "statistic" : {
      "failed" : 0,
      "broken" : 0,
      "skipped" : 0,
      "passed" : 1,
      "unknown" : 0,
      "total" : 1
    },
    "items" : [ {
      "uid" : "2df7be5b7b1d4600",
      "status" : "passed",
      "time" : {
        "start" : 1654160639677,
        "stop" : 1654160639800,
        "duration" : 123
      }
    } ]
  },
  "a89bc2e4b5872074bfcf6030fb832d39" : {
    "statistic" : {
      "failed" : 0,
      "broken" : 0,
      "skipped" : 0,
      "passed" : 1,
      "unknown" : 0,
      "total" : 1
    },
    "items" : [ {
      "uid" : "e61e166c3257566",
      "status" : "passed",
      "time" : {
        "start" : 1654160639420,
        "stop" : 1654160639537,
        "duration" : 117
      }
    } ]
  },
  "c88adc9d6e4b9dacdb3f6e9c219729d3" : {
    "statistic" : {
      "failed" : 0,
      "broken" : 0,
      "skipped" : 0,
      "passed" : 1,
      "unknown" : 0,
      "total" : 1
    },
    "items" : [ {
      "uid" : "5d1fe98b985da4fd",
      "status" : "passed",
      "time" : {
        "start" : 1654160640943,
        "stop" : 1654160641272,
        "duration" : 329
      }
    } ]
  },
  "d5cfe401b56baa0794a57e98fc4c71e0" : {
    "statistic" : {
      "failed" : 0,
      "broken" : 0,
      "skipped" : 0,
      "passed" : 1,
      "unknown" : 0,
      "total" : 1
    },
    "items" : [ {
      "uid" : "5e8cd8ee6976d8f6",
      "status" : "passed",
      "time" : {
        "start" : 1654160638829,
        "stop" : 1654160639034,
        "duration" : 205
      }
    } ]
  },
  "cd623ce7afc853648fd757e025f21b9e" : {
    "statistic" : {
      "failed" : 0,
      "broken" : 0,
      "skipped" : 1,
      "passed" : 0,
      "unknown" : 0,
      "total" : 1
    },
    "items" : [ {
      "uid" : "aa4fad93037c4295",
      "status" : "skipped",
      "statusDetails" : "Skipped",
      "time" : {
        "start" : 1654160640149,
        "stop" : 1654160640149,
        "duration" : 0
      }
    } ]
  },
  "5599d85172da83494736ea6c42876b09" : {
    "statistic" : {
      "failed" : 0,
      "broken" : 0,
      "skipped" : 0,
      "passed" : 1,
      "unknown" : 0,
      "total" : 1
    },
    "items" : [ {
      "uid" : "86f5355bf6e28b26",
      "status" : "passed",
      "time" : {
        "start" : 1654160638639,
        "stop" : 1654160638824,
        "duration" : 185
      }
    } ]
  },
  "29bb5630211c63b072106cf409889012" : {
    "statistic" : {
      "failed" : 0,
      "broken" : 0,
      "skipped" : 0,
      "passed" : 1,
      "unknown" : 0,
      "total" : 1
    },
    "items" : [ {
      "uid" : "4b83778b87f0de3",
      "status" : "passed",
      "time" : {
        "start" : 1654160638384,
        "stop" : 1654160638635,
        "duration" : 251
      }
    } ]
  },
  "50c9adf690adefa47e1c8637a9ad1bf5" : {
    "statistic" : {
      "failed" : 0,
      "broken" : 0,
      "skipped" : 0,
      "passed" : 1,
      "unknown" : 0,
      "total" : 1
    },
    "items" : [ {
      "uid" : "7266f5ddeb8ad1a6",
      "status" : "passed",
      "time" : {
        "start" : 1654160640155,
        "stop" : 1654160640938,
        "duration" : 783
      }
    } ]
  },
  "8b626a79e00764aef9a6bf05440ab837" : {
    "statistic" : {
      "failed" : 0,
      "broken" : 0,
      "skipped" : 0,
      "passed" : 1,
      "unknown" : 0,
      "total" : 1
    },
    "items" : [ {
      "uid" : "f8259f9780751921",
      "status" : "passed",
      "time" : {
        "start" : 1654160639219,
        "stop" : 1654160639415,
        "duration" : 196
      }
    } ]
  },
  "50546d53f6058092b6fcaac1ce4c98ab" : {
    "statistic" : {
      "failed" : 0,
      "broken" : 0,
      "skipped" : 0,
      "passed" : 1,
      "unknown" : 0,
      "total" : 1
    },
    "items" : [ {
      "uid" : "a82e84e593e1a7db",
      "status" : "passed",
      "time" : {
        "start" : 1654160636908,
        "stop" : 1654160637979,
        "duration" : 1071
      }
    } ]
  },
  "0a418be200242c6d48da8179c0f08d8b" : {
    "statistic" : {
      "failed" : 0,
      "broken" : 0,
      "skipped" : 0,
      "passed" : 1,
      "unknown" : 0,
      "total" : 1
    },
    "items" : [ {
      "uid" : "595fa63a5e9b70a",
      "status" : "passed",
      "time" : {
        "start" : 1654160638174,
        "stop" : 1654160638379,
        "duration" : 205
      }
    } ]
  }
}