{
  "f7ac3e784786a3c7712b5a828aed2b59" : {
    "statistic" : {
      "failed" : 0,
      "broken" : 0,
      "skipped" : 0,
      "passed" : 1,
      "unknown" : 0,
      "total" : 1
    },
    "items" : [ {
      "uid" : "d8a7ee2fa8f21c0a",
      "status" : "passed",
      "time" : {
        "start" : 1654170233547,
        "stop" : 1654170233767,
        "duration" : 220
      }
    } ]
  },
  "e688ecc3452bf2e82ab235d8c939b242" : {
    "statistic" : {
      "failed" : 0,
      "broken" : 0,
      "skipped" : 0,
      "passed" : 1,
      "unknown" : 0,
      "total" : 1
    },
    "items" : [ {
      "uid" : "64f3e2b069dbd90b",
      "status" : "passed",
      "time" : {
        "start" : 1654170234419,
        "stop" : 1654170234731,
        "duration" : 312
      }
    } ]
  },
  "6833f022406a30478c7b5e3e02fa3010" : {
    "statistic" : {
      "failed" : 0,
      "broken" : 0,
      "skipped" : 0,
      "passed" : 1,
      "unknown" : 0,
      "total" : 1
    },
    "items" : [ {
      "uid" : "9d02191e5dc5d37c",
      "status" : "passed",
      "time" : {
        "start" : 1654170232527,
        "stop" : 1654170232726,
        "duration" : 199
      }
    } ]
  },
  "2a47f0a11eeceb5978e0ae3dc74b34ff" : {
    "statistic" : {
      "failed" : 0,
      "broken" : 0,
      "skipped" : 0,
      "passed" : 1,
      "unknown" : 0,
      "total" : 1
    },
    "items" : [ {
      "uid" : "424596e8073e255e",
      "status" : "passed",
      "time" : {
        "start" : 1654170234159,
        "stop" : 1654170234278,
        "duration" : 119
      }
    } ]
  },
  "650a1294f0f20cf69dec44709f6627d7" : {
    "statistic" : {
      "failed" : 0,
      "broken" : 0,
      "skipped" : 0,
      "passed" : 1,
      "unknown" : 0,
      "total" : 1
    },
    "items" : [ {
      "uid" : "3daa1858788627ac",
      "status" : "passed",
      "time" : {
        "start" : 1654170234281,
        "stop" : 1654170234415,
        "duration" : 134
      }
    } ]
  },
  "a89bc2e4b5872074bfcf6030fb832d39" : {
    "statistic" : {
      "failed" : 0,
      "broken" : 0,
      "skipped" : 0,
      "passed" : 1,
      "unknown" : 0,
      "total" : 1
    },
    "items" : [ {
      "uid" : "bfca398f552c374c",
      "status" : "passed",
      "time" : {
        "start" : 1654170234039,
        "stop" : 1654170234155,
        "duration" : 116
      }
    } ]
  },
  "c88adc9d6e4b9dacdb3f6e9c219729d3" : {
    "statistic" : {
      "failed" : 0,
      "broken" : 0,
      "skipped" : 0,
      "passed" : 1,
      "unknown" : 0,
      "total" : 1
    },
    "items" : [ {
      "uid" : "19cb131298240614",
      "status" : "passed",
      "time" : {
        "start" : 1654170235661,
        "stop" : 1654170235972,
        "duration" : 311
      }
    } ]
  },
  "d5cfe401b56baa0794a57e98fc4c71e0" : {
    "statistic" : {
      "failed" : 0,
      "broken" : 0,
      "skipped" : 0,
      "passed" : 1,
      "unknown" : 0,
      "total" : 1
    },
    "items" : [ {
      "uid" : "ccb7eecc3d8bc456",
      "status" : "passed",
      "time" : {
        "start" : 1654170233371,
        "stop" : 1654170233543,
        "duration" : 172
      }
    } ]
  },
  "cd623ce7afc853648fd757e025f21b9e" : {
    "statistic" : {
      "failed" : 0,
      "broken" : 0,
      "skipped" : 1,
      "passed" : 0,
      "unknown" : 0,
      "total" : 1
    },
    "items" : [ {
      "uid" : "e38ab88c969cfaa6",
      "status" : "skipped",
      "statusDetails" : "Skipped",
      "time" : {
        "start" : 1654170234734,
        "stop" : 1654170234734,
        "duration" : 0
      }
    } ]
  },
  "5599d85172da83494736ea6c42876b09" : {
    "statistic" : {
      "failed" : 0,
      "broken" : 0,
      "skipped" : 0,
      "passed" : 1,
      "unknown" : 0,
      "total" : 1
    },
    "items" : [ {
      "uid" : "a0f2b007a020b41d",
      "status" : "passed",
      "time" : {
        "start" : 1654170233158,
        "stop" : 1654170233367,
        "duration" : 209
      }
    } ]
  },
  "29bb5630211c63b072106cf409889012" : {
    "statistic" : {
      "failed" : 0,
      "broken" : 0,
      "skipped" : 0,
      "passed" : 1,
      "unknown" : 0,
      "total" : 1
    },
    "items" : [ {
      "uid" : "d4d93e59cdf3634f",
      "status" : "passed",
      "time" : {
        "start" : 1654170232924,
        "stop" : 1654170233153,
        "duration" : 229
      }
    } ]
  },
  "50c9adf690adefa47e1c8637a9ad1bf5" : {
    "statistic" : {
      "failed" : 0,
      "broken" : 0,
      "skipped" : 0,
      "passed" : 1,
      "unknown" : 0,
      "total" : 1
    },
    "items" : [ {
      "uid" : "38722e4cb8b0e8fc",
      "status" : "passed",
      "time" : {
        "start" : 1654170234741,
        "stop" : 1654170235656,
        "duration" : 915
      }
    } ]
  },
  "8b626a79e00764aef9a6bf05440ab837" : {
    "statistic" : {
      "failed" : 0,
      "broken" : 0,
      "skipped" : 0,
      "passed" : 1,
      "unknown" : 0,
      "total" : 1
    },
    "items" : [ {
      "uid" : "f287bf0a915cfc07",
      "status" : "passed",
      "time" : {
        "start" : 1654170233771,
        "stop" : 1654170234034,
        "duration" : 263
      }
    } ]
  },
  "50546d53f6058092b6fcaac1ce4c98ab" : {
    "statistic" : {
      "failed" : 0,
      "broken" : 0,
      "skipped" : 0,
      "passed" : 1,
      "unknown" : 0,
      "total" : 1
    },
    "items" : [ {
      "uid" : "e6443dff89e516b8",
      "status" : "passed",
      "time" : {
        "start" : 1654170231939,
        "stop" : 1654170232523,
        "duration" : 584
      }
    } ]
  },
  "0a418be200242c6d48da8179c0f08d8b" : {
    "statistic" : {
      "failed" : 0,
      "broken" : 0,
      "skipped" : 0,
      "passed" : 1,
      "unknown" : 0,
      "total" : 1
    },
    "items" : [ {
      "uid" : "5ad2f88e2566a4d1",
      "status" : "passed",
      "time" : {
        "start" : 1654170232731,
        "stop" : 1654170232919,
        "duration" : 188
      }
    } ]
  }
}