"Epic","Feature","Story","FAILED","BROKEN","PASSED","SKIPPED","UNKNOWN"
"开发平台接口","收藏模块","编辑收藏网址接口","0","0","1","0","0"
"开发平台接口","登录模块","登录","0","0","8","0","0"
"开发平台接口","收藏模块","删除收藏网站接口","0","0","1","1","0"
"开发平台接口","收藏模块","收藏网址接口","0","0","2","0","0"
"开发平台接口","个人信息模块","个人信息接口","0","0","1","0","0"
"开发平台接口","收藏模块","收藏网址列表接口","0","0","1","0","0"
