{
  "uid" : "98d3104e051c652961429bf95fa0b5d6",
  "name" : "suites",
  "children" : [ {
    "name" : "test_case.Login",
    "children" : [ {
      "name" : "test_login",
      "children" : [ {
        "name" : "TestLogin",
        "children" : [ {
          "name" : "test_login[正常登录]",
          "uid" : "e6443dff89e516b8",
          "parentUid" : "612e66c6daa596e29d800576fc544130",
          "status" : "passed",
          "time" : {
            "start" : 1654170231939,
            "stop" : 1654170232523,
            "duration" : 584
          },
          "flaky" : false,
          "newFailed" : false,
          "newPassed" : false,
          "newBroken" : false,
          "retriesCount" : 0,
          "retriesStatusChange" : false,
          "parameters" : [ "{'method': 'POST', 'is_run': None, 'url': 'https://www.wanandroid.com/user/login', 'detail': '正常登录', 'headers': {'Content-Type': 'multipart/form-data;'}, 'requestType': 'DATE', 'data': {'username': '18800000001', 'password': '123456'}, 'dependence_case': False, 'dependence_case_data': {'dependence_case_data': None}, 'sql': None, 'assert': {'errorCode': {'jsonpath': '$.errorCode', 'type': '==', 'value': 0, 'AssertType': None}, 'username': {'jsonpath': '$.data.username', 'type': '==', 'value': '18800000001', 'AssertType': None}}, 'setup_sql': None}" ]
        }, {
          "name" : "test_login[输入错误的密码]",
          "uid" : "9d02191e5dc5d37c",
          "parentUid" : "612e66c6daa596e29d800576fc544130",
          "status" : "passed",
          "time" : {
            "start" : 1654170232527,
            "stop" : 1654170232726,
            "duration" : 199
          },
          "flaky" : false,
          "newFailed" : false,
          "newPassed" : false,
          "newBroken" : false,
          "retriesCount" : 0,
          "retriesStatusChange" : false,
          "parameters" : [ "{'method': 'POST', 'is_run': None, 'url': 'https://www.wanandroid.com/user/login', 'detail': '输入错误的密码', 'headers': {'Content-Type': 'multipart/form-data;'}, 'requestType': 'DATE', 'data': {'username': '18800000001', 'password': '12345'}, 'dependence_case': False, 'dependence_case_data': {'dependence_case_data': None}, 'sql': None, 'assert': {'errorCode': {'jsonpath': '$.errorCode', 'type': '==', 'value': -1, 'AssertType': None}, 'errorMsg': {'jsonpath': '$.errorMsg', 'type': '==', 'value': '账号密码不匹配！', 'AssertType': None}}, 'setup_sql': None}" ]
        }, {
          "name" : "test_login[登录密码为空]",
          "uid" : "5ad2f88e2566a4d1",
          "parentUid" : "612e66c6daa596e29d800576fc544130",
          "status" : "passed",
          "time" : {
            "start" : 1654170232731,
            "stop" : 1654170232919,
            "duration" : 188
          },
          "flaky" : false,
          "newFailed" : false,
          "newPassed" : false,
          "newBroken" : false,
          "retriesCount" : 0,
          "retriesStatusChange" : false,
          "parameters" : [ "{'method': 'POST', 'is_run': None, 'url': 'https://www.wanandroid.com/user/login', 'detail': '登录密码为空', 'headers': {'Content-Type': 'multipart/form-data;'}, 'requestType': 'DATE', 'data': {'username': '18800000001', 'password': None}, 'dependence_case': False, 'dependence_case_data': {'dependence_case_data': None}, 'sql': None, 'assert': {'errorCode': {'jsonpath': '$.errorCode', 'type': '==', 'value': -1, 'AssertType': None}, 'errorMsg': {'jsonpath': '$.errorMsg', 'type': '==', 'value': '账号密码不匹配！', 'AssertType': None}}, 'setup_sql': None}" ]
        }, {
          "name" : "test_login[输入非1开头的手机号码]",
          "uid" : "d4d93e59cdf3634f",
          "parentUid" : "612e66c6daa596e29d800576fc544130",
          "status" : "passed",
          "time" : {
            "start" : 1654170232924,
            "stop" : 1654170233153,
            "duration" : 229
          },
          "flaky" : false,
          "newFailed" : false,
          "newPassed" : false,
          "newBroken" : false,
          "retriesCount" : 0,
          "retriesStatusChange" : false,
          "parameters" : [ "{'method': 'POST', 'is_run': None, 'url': 'https://www.wanandroid.com/user/login', 'detail': '输入非1开头的手机号码', 'headers': {'Content-Type': 'multipart/form-data;'}, 'requestType': 'DATE', 'data': {'username': '28800000001', 'password': '12345'}, 'dependence_case': False, 'dependence_case_data': {'dependence_case_data': None}, 'sql': None, 'assert': {'errorCode': {'jsonpath': '$.errorCode', 'type': '==', 'value': -1, 'AssertType': None}, 'errorMsg': {'jsonpath': '$.errorMsg', 'type': '==', 'value': '账号密码不匹配！', 'AssertType': None}}, 'setup_sql': None}" ]
        }, {
          "name" : "test_login[输入手机号码小于11位]",
          "uid" : "a0f2b007a020b41d",
          "parentUid" : "612e66c6daa596e29d800576fc544130",
          "status" : "passed",
          "time" : {
            "start" : 1654170233158,
            "stop" : 1654170233367,
            "duration" : 209
          },
          "flaky" : false,
          "newFailed" : false,
          "newPassed" : false,
          "newBroken" : false,
          "retriesCount" : 0,
          "retriesStatusChange" : false,
          "parameters" : [ "{'method': 'POST', 'is_run': None, 'url': 'https://www.wanandroid.com/user/login', 'detail': '输入手机号码小于11位', 'headers': {'Content-Type': 'multipart/form-data;'}, 'requestType': 'DATE', 'data': {'username': '1880000000', 'password': '12345'}, 'dependence_case': False, 'dependence_case_data': {'dependence_case_data': None}, 'sql': None, 'assert': {'errorCode': {'jsonpath': '$.errorCode', 'type': '==', 'value': -1, 'AssertType': None}, 'errorMsg': {'jsonpath': '$.errorMsg', 'type': '==', 'value': '账号密码不匹配！', 'AssertType': None}}, 'setup_sql': None}" ]
        }, {
          "name" : "test_login[输入手机号码大于于11位]",
          "uid" : "ccb7eecc3d8bc456",
          "parentUid" : "612e66c6daa596e29d800576fc544130",
          "status" : "passed",
          "time" : {
            "start" : 1654170233371,
            "stop" : 1654170233543,
            "duration" : 172
          },
          "flaky" : false,
          "newFailed" : false,
          "newPassed" : false,
          "newBroken" : false,
          "retriesCount" : 0,
          "retriesStatusChange" : false,
          "parameters" : [ "{'method': 'POST', 'is_run': None, 'url': 'https://www.wanandroid.com/user/login', 'detail': '输入手机号码大于于11位', 'headers': {'Content-Type': 'multipart/form-data;'}, 'requestType': 'DATE', 'data': {'username': '18800000000', 'password': '12345'}, 'dependence_case': False, 'dependence_case_data': {'dependence_case_data': None}, 'sql': None, 'assert': {'errorCode': {'jsonpath': '$.errorCode', 'type': '==', 'value': -1, 'AssertType': None}, 'errorMsg': {'jsonpath': '$.errorMsg', 'type': '==', 'value': '账号密码不匹配！', 'AssertType': None}}, 'setup_sql': None}" ]
        }, {
          "name" : "test_login[手机号码为空]",
          "uid" : "d8a7ee2fa8f21c0a",
          "parentUid" : "612e66c6daa596e29d800576fc544130",
          "status" : "passed",
          "time" : {
            "start" : 1654170233547,
            "stop" : 1654170233767,
            "duration" : 220
          },
          "flaky" : false,
          "newFailed" : false,
          "newPassed" : false,
          "newBroken" : false,
          "retriesCount" : 0,
          "retriesStatusChange" : false,
          "parameters" : [ "{'method': 'POST', 'is_run': None, 'url': 'https://www.wanandroid.com/user/login', 'detail': '手机号码为空', 'headers': {'Content-Type': 'multipart/form-data;'}, 'requestType': 'DATE', 'data': {'username': None, 'password': '12345'}, 'dependence_case': False, 'dependence_case_data': {'dependence_case_data': None}, 'sql': None, 'assert': {'errorCode': {'jsonpath': '$.errorCode', 'type': '==', 'value': -1, 'AssertType': None}, 'errorMsg': {'jsonpath': '$.errorMsg', 'type': '==', 'value': '账号密码不匹配！', 'AssertType': None}}, 'setup_sql': None}" ]
        }, {
          "name" : "test_login[手机号码首位包含空格]",
          "uid" : "f287bf0a915cfc07",
          "parentUid" : "612e66c6daa596e29d800576fc544130",
          "status" : "passed",
          "time" : {
            "start" : 1654170233771,
            "stop" : 1654170234034,
            "duration" : 263
          },
          "flaky" : false,
          "newFailed" : false,
          "newPassed" : false,
          "newBroken" : false,
          "retriesCount" : 0,
          "retriesStatusChange" : false,
          "parameters" : [ "{'method': 'POST', 'is_run': None, 'url': 'https://www.wanandroid.com/user/login', 'detail': '手机号码首位包含空格', 'headers': {'Content-Type': 'multipart/form-data;'}, 'requestType': 'DATE', 'data': {'username': ' 18867507063 ', 'password': '12345'}, 'dependence_case': False, 'dependence_case_data': {'dependence_case_data': None}, 'sql': None, 'assert': {'errorCode': {'jsonpath': '$.errorCode', 'type': '==', 'value': -1, 'AssertType': None}, 'errorMsg': {'jsonpath': '$.errorMsg', 'type': '==', 'value': '账号密码不匹配！', 'AssertType': None}}, 'setup_sql': None}" ]
        } ],
        "uid" : "612e66c6daa596e29d800576fc544130"
      } ],
      "uid" : "864d037e836ea971e48ceba105637218"
    } ],
    "uid" : "3aa66c7fc191575b51800465931c68d9"
  }, {
    "name" : "test_case.UserInfo",
    "children" : [ {
      "name" : "test_get_user_info",
      "children" : [ {
        "name" : "TestGetUserInfo",
        "children" : [ {
          "name" : "test_get_user_info[正常获取个人身份信息]",
          "uid" : "bfca398f552c374c",
          "parentUid" : "a5a0e819985a82d77ac526502823d74c",
          "status" : "passed",
          "time" : {
            "start" : 1654170234039,
            "stop" : 1654170234155,
            "duration" : 116
          },
          "flaky" : false,
          "newFailed" : false,
          "newPassed" : false,
          "newBroken" : false,
          "retriesCount" : 0,
          "retriesStatusChange" : false,
          "parameters" : [ "{'method': 'GET', 'is_run': None, 'url': 'https://www.wanandroid.com/user/lg/userinfo/json', 'detail': '正常获取个人身份信息', 'headers': {'Content-Type': 'multipart/form-data;', 'cookie': '$cache{login_cookie}'}, 'requestType': 'DATE', 'data': None, 'dependence_case': False, 'dependence_case_data': {'dependence_case_data': None}, 'sql': None, 'assert': {'errorCode': {'jsonpath': '$.errorCode', 'type': '==', 'value': 0, 'AssertType': None}, 'username': {'jsonpath': '$.data.userInfo.username', 'type': '==', 'value': '18800000001', 'AssertType': None}}, 'setup_sql': None}" ]
        } ],
        "uid" : "a5a0e819985a82d77ac526502823d74c"
      } ],
      "uid" : "f831d2fe10d84b615a1e597169fc1faf"
    } ],
    "uid" : "a0560216942e53bbce8c488aa55e291c"
  }, {
    "name" : "test_case.collect",
    "children" : [ {
      "name" : "test_collect_add_tool",
      "children" : [ {
        "name" : "TestCollectAddTool",
        "children" : [ {
          "name" : "test_collect_add_tool[新增收藏网址接口]",
          "uid" : "424596e8073e255e",
          "parentUid" : "61a411da6651f344a797944785d18580",
          "status" : "passed",
          "time" : {
            "start" : 1654170234159,
            "stop" : 1654170234278,
            "duration" : 119
          },
          "flaky" : false,
          "newFailed" : false,
          "newPassed" : false,
          "newBroken" : false,
          "retriesCount" : 0,
          "retriesStatusChange" : false,
          "parameters" : [ "{'method': 'POST', 'is_run': None, 'url': 'https://www.wanandroid.com/lg/collect/addtool/json', 'detail': '新增收藏网址接口', 'headers': {'cookie': '$cache{login_cookie}'}, 'requestType': 'DATE', 'data': {'name': 8093, 'link': 'https://gitee.com/yu_xiao_qi/pytest-auto-api2'}, 'dependence_case': False, 'dependence_case_data': {'dependence_case_data': None}, 'sql': None, 'assert': {'errorCode': {'jsonpath': '$.errorCode', 'type': '==', 'value': 0, 'AssertType': None}}, 'setup_sql': None}" ]
        }, {
          "name" : "test_collect_add_tool[未登录状态下新增收藏网址]",
          "uid" : "3daa1858788627ac",
          "parentUid" : "61a411da6651f344a797944785d18580",
          "status" : "passed",
          "time" : {
            "start" : 1654170234281,
            "stop" : 1654170234415,
            "duration" : 134
          },
          "flaky" : false,
          "newFailed" : false,
          "newPassed" : false,
          "newBroken" : false,
          "retriesCount" : 0,
          "retriesStatusChange" : false,
          "parameters" : [ "{'method': 'POST', 'is_run': None, 'url': 'https://www.wanandroid.com/lg/collect/addtool/json', 'detail': '未登录状态下新增收藏网址', 'headers': {'Content-Type': 'multipart/form-data;'}, 'requestType': 'DATE', 'data': {'name': 9281, 'link': 'https://gitee.com/yu_xiao_qi/pytest-auto-api2'}, 'dependence_case': False, 'dependence_case_data': {'dependence_case_data': None}, 'sql': None, 'assert': {'errorCode': {'jsonpath': '$.errorCode', 'type': '==', 'value': -1001, 'AssertType': None}, 'errorMsg': {'jsonpath': '$.errorMsg', 'type': '==', 'value': '请先登录！', 'AssertType': None}}, 'setup_sql': None}" ]
        } ],
        "uid" : "61a411da6651f344a797944785d18580"
      } ],
      "uid" : "36c6fde94a4c0eba6e586fcc81091c9a"
    }, {
      "name" : "test_collect_delete_tool",
      "children" : [ {
        "name" : "TestCollectDeleteTool",
        "children" : [ {
          "name" : "test_collect_delete_tool[正常删除收藏网站]",
          "uid" : "64f3e2b069dbd90b",
          "parentUid" : "a908fecf217d02733f163d182050faac",
          "status" : "passed",
          "time" : {
            "start" : 1654170234419,
            "stop" : 1654170234731,
            "duration" : 312
          },
          "flaky" : false,
          "newFailed" : false,
          "newPassed" : false,
          "newBroken" : false,
          "retriesCount" : 0,
          "retriesStatusChange" : false,
          "parameters" : [ "{'method': 'POST', 'is_run': None, 'url': 'https://www.wanandroid.com/lg/collect/deletetool/json', 'detail': '正常删除收藏网站', 'headers': {'Content-Type': 'multipart/form-data;', 'cookie': '$cache{login_cookie}'}, 'requestType': 'DATE', 'data': {'id': None, 'test': None}, 'dependence_case': True, 'dependence_case_data': [{'case_id': 'collect_addtool_01', 'dependent_data': [{'dependent_type': 'response', 'jsonpath': '$.data.id', 'replace_key': '$.data.id'}, {'dependent_type': 'response', 'jsonpath': '$.data', 'replace_key': '$.data.test'}]}], 'sql': None, 'assert': {'errorCode': {'jsonpath': '$.errorCode', 'type': '==', 'value': 0, 'AssertType': None}}, 'setup_sql': None}" ]
        }, {
          "name" : "test_collect_delete_tool[正常删除不存在的ID数据(接口未完成此功能, 跳过该条用例)]",
          "uid" : "e38ab88c969cfaa6",
          "parentUid" : "a908fecf217d02733f163d182050faac",
          "status" : "skipped",
          "time" : {
            "start" : 1654170234734,
            "stop" : 1654170234734,
            "duration" : 0
          },
          "flaky" : false,
          "newFailed" : false,
          "newPassed" : false,
          "newBroken" : false,
          "retriesCount" : 0,
          "retriesStatusChange" : false,
          "parameters" : [ "{'method': 'POST', 'is_run': False, 'url': 'https://www.wanandroid.com/lg/collect/deletetool/json', 'detail': '正常删除不存在的ID数据(接口未完成此功能, 跳过该条用例)', 'headers': {'Content-Type': 'multipart/form-data;', 'cookie': '$cache{login_cookie}'}, 'requestType': 'DATE', 'data': {'id': 111}, 'dependence_case': True, 'dependence_case_data': [{'case_id': 'collect_addtool_01', 'dependent_data': [{'dependent_type': 'response', 'jsonpath': '$.data.id', 'replace_key': '$.data.id'}]}], 'sql': None, 'assert': {'errorCode': {'jsonpath': '$.errorCode', 'type': '==', 'value': 0, 'AssertType': None}}, 'setup_sql': None}" ]
        } ],
        "uid" : "a908fecf217d02733f163d182050faac"
      } ],
      "uid" : "0d3f3ec430201e26556b58c4c6c641b8"
    }, {
      "name" : "test_collect_tool_list",
      "children" : [ {
        "name" : "TestCollectToolList",
        "children" : [ {
          "name" : "test_collect_tool_list[查看收藏网址列表接口]",
          "uid" : "38722e4cb8b0e8fc",
          "parentUid" : "d0cab46a14bc593bcec8984661df9d73",
          "status" : "passed",
          "time" : {
            "start" : 1654170234741,
            "stop" : 1654170235656,
            "duration" : 915
          },
          "flaky" : false,
          "newFailed" : false,
          "newPassed" : false,
          "newBroken" : false,
          "retriesCount" : 0,
          "retriesStatusChange" : false,
          "parameters" : [ "{'method': 'GET', 'is_run': None, 'url': 'https://www.wanandroid.com/lg/collect/usertools/json', 'detail': '查看收藏网址列表接口', 'headers': {'Content-Type': 'multipart/form-data;', 'cookie': '$cache{login_cookie}'}, 'requestType': 'PARAMS', 'data': {'tester': 'qiyu'}, 'dependence_case': False, 'dependence_case_data': {'dependence_case_data': None}, 'sql': None, 'assert': {'errorCode': {'jsonpath': '$.errorCode', 'type': '==', 'value': 0, 'AssertType': None}}, 'setup_sql': None}" ]
        } ],
        "uid" : "d0cab46a14bc593bcec8984661df9d73"
      } ],
      "uid" : "5b6ea2f53efc90f1ccf2b7c182ac5fc1"
    }, {
      "name" : "test_collect_update_tool",
      "children" : [ {
        "name" : "TestCollectUpdateTool",
        "children" : [ {
          "name" : "test_collect_update_tool[编辑收藏网址]",
          "uid" : "19cb131298240614",
          "parentUid" : "b019eb55127d4862b215f5122a2a6301",
          "status" : "passed",
          "time" : {
            "start" : 1654170235661,
            "stop" : 1654170235972,
            "duration" : 311
          },
          "flaky" : false,
          "newFailed" : false,
          "newPassed" : false,
          "newBroken" : false,
          "retriesCount" : 0,
          "retriesStatusChange" : false,
          "parameters" : [ "{'method': 'POST', 'is_run': None, 'url': 'https://www.wanandroid.com/lg/collect/addtool/json', 'detail': '编辑收藏网址', 'headers': {'Content-Type': 'multipart/form-data;', 'cookie': '$cache{login_cookie}'}, 'requestType': 'DATE', 'data': {'name': '自动化编辑网址名称', 'link': 'https://gitee.com/yu_xiao_qi/pytest-auto-api2'}, 'dependence_case': True, 'dependence_case_data': [{'case_id': 'collect_addtool_01', 'dependent_data': [{'dependent_type': 'response', 'jsonpath': '$.data.id', 'replace_key': '$.data.id'}]}], 'sql': None, 'assert': {'errorCode': {'jsonpath': '$.errorCode', 'type': '==', 'value': 0, 'AssertType': None}, 'name': {'jsonpath': '$.data.name', 'type': '==', 'value': '自动化编辑网址名称', 'AssertType': None}, 'link': {'jsonpath': '$.data.link', 'type': '==', 'value': 'https://gitee.com/yu_xiao_qi/pytest-auto-api2', 'AssertType': None}}, 'setup_sql': None}" ]
        } ],
        "uid" : "b019eb55127d4862b215f5122a2a6301"
      } ],
      "uid" : "12c9a69b20a2ef968491879ec391522c"
    } ],
    "uid" : "6fcf6a1d8e983a864c206ff3be83567c"
  } ]
}